{
  "_generated": "Generated by SweetTooth, do not edit", 
  "description": "Settings Center is a customizable drop-down menu for quickly launching frequently used apps in Gnome:Shell via the user/aggregate menu. Originally created by XES.\n\nv8: minor cleanup, now has an icon for the main menu entry. \n\nSettings shortcuts : gnome-tweak-tool, dconf-editor, gconf-editor, gnome-session-properties, gnome-shell-extension-prefs, seahorse and nvidia-settings. You can add your own\n\nOriginal source : http://svn.xesnet.fr/gnomeextensions (3.8 replace Settings code credit IsacDaavid)\n\nCredit to @peaceseeker for updating this with a working repo, i do wish it could have been pushed to me but my blank repo was deleted as it was stale, i failed to push to git before going back to work around 1.5 years ago and i hadn't been active enough to notice anything other than emails(these things help people!)", 
  "name": "SettingsCenter", 
  "original-author": "Xes, l300lvl", 
  "shell-version": [
    "3.4", 
    "3.5.4", 
    "3.6", 
    "3.8", 
    "3.10", 
    "3.12", 
    "3.15.91", 
    "3.15.92", 
    "3.16"
  ], 
  "url": "https://github.com/l300lvl/XES-Settings-Center-Extension", 
  "uuid": "SettingsCenter@xesnet.fr", 
  "version": 8
}
