{
  "_generated": "Generated by SweetTooth, do not edit", 
  "description": "Taking this over for Xes, updated for 3.8, but no major changes at this time. \n\nSettings shortcuts : gnome-tweak-tool, dconf-editor, gconf-editor, gnome-session-properties, gnome-shell-extension-prefs, seahorse and nvidia-settings. You can add your own\n\nOriginal source : http://svn.xesnet.fr/gnomeextensions (3.8 replace Settings code credit IsacDaavid)", 
  "name": "SettingsCenter", 
  "original-author": "Xes", 
  "shell-version": [
    "3.4", 
    "3.6", 
    "3.5.4", 
    "3.8"
  ], 
  "url": "https://github.com/l300lvl/settings-center-extension", 
  "uuid": "SettingsCenter@xesnet.fr", 
  "version": 6
}